{
  "libs/scandit-sdk/build/main/lib/camera.js.map": 1645672570957,
  "libs/scandit-sdk/build/main/lib/logger.js": 1645672570957,
  "manifest.json": 1645695403501,
  "libs/scandit-sdk/build/module/lib/workers/dataCaptureWorker.js": 1645672570961,
  "libs/scandit-sdk/build/module/lib/barcodePicker/gui.js": 1645672570961,
  "libs/scandit-sdk/build/module/lib/barcodePicker/dummyCameraManager.js": 1645672570961,
  "libs/scandit-sdk/build/module/lib/barcodePicker/cameraManager.js": 1645672570961,
  "libs/scandit-sdk/build/module/lib/barcodePicker/barcodePicker.js": 1645672570961,
  "libs/scandit-sdk/build/module/lib/assets/base64assets.js": 1645672570961,
  "libs/scandit-sdk/build/main/lib/workers/dataCaptureWorker.js": 1645672570957,
  "libs/scandit-sdk/build/main/lib/barcodePicker/gui.js": 1645672570957,
  "libs/scandit-sdk/build/main/lib/barcodePicker/dummyCameraManager.js": 1645672570957,
  "libs/scandit-sdk/build/main/lib/barcodePicker/cameraManager.js": 1645672570957,
  "libs/scandit-sdk/build/main/lib/barcodePicker/barcodePicker.js": 1645672570957,
  "libs/scandit-sdk/build/main/lib/assets/base64assets.js": 1645672570957,
  "libs/scandit-sdk/docs/assets/js/search.js": 1645672570953,
  "libs/scandit-sdk/docs/assets/js/main.js": 1645672570953,
  "libs/scandit-sdk/build/module/webComponent/validator.js": 1645672570961,
  "libs/scandit-sdk/build/module/webComponent/tsHelper.js": 1645672570961,
  "libs/scandit-sdk/build/module/webComponent/schema.js": 1645672570961,
  "libs/scandit-sdk/build/module/webComponent/propertyConverter.js": 1645672570961,
  "libs/scandit-sdk/build/module/webComponent/lazyAttributeConverter.js": 1645672570961,
  "libs/scandit-sdk/build/module/webComponent/index.js": 1645672570961,
  "libs/scandit-sdk/build/module/webComponent/controller.js": 1645672570961,
  "libs/scandit-sdk/build/module/webComponent/barcodePickerView.js": 1645672570961,
  "libs/scandit-sdk/build/module/webComponent/attributeConverter.js": 1645672570961,
  "libs/scandit-sdk/build/module/testHelpers/utility.js": 1645672570965,
  "libs/scandit-sdk/build/module/lib/unsupportedBrowserError.js": 1645672570965,
  "libs/scandit-sdk/build/module/lib/textRecognitionSettings.js": 1645672570965,
  "libs/scandit-sdk/build/module/lib/symbologySettings.js": 1645672570965,
  "libs/scandit-sdk/build/module/lib/singleImageModeSettings.js": 1645672570965,
  "libs/scandit-sdk/build/module/lib/searchArea.js": 1645672570965,
  "libs/scandit-sdk/build/module/lib/scanner.js": 1645672570965,
  "libs/scandit-sdk/build/module/lib/scanSettings.js": 1645672570965,
  "libs/scandit-sdk/build/module/lib/scanResult.js": 1645672570965,
  "libs/scandit-sdk/build/module/lib/recognizedText.js": 1645672570961,
  "libs/scandit-sdk/build/module/lib/quadrilateral.js": 1645672570961,
  "libs/scandit-sdk/build/module/lib/point.js": 1645672570961,
  "libs/scandit-sdk/build/module/lib/parserResult.js": 1645672570961,
  "libs/scandit-sdk/build/module/lib/parserField.js": 1645672570961,
  "libs/scandit-sdk/build/module/lib/parser.js": 1645672570961,
  "libs/scandit-sdk/build/module/lib/logger.js": 1645672570961,
  "libs/scandit-sdk/build/module/lib/imageSettings.js": 1645672570961,
  "libs/scandit-sdk/build/module/lib/dataCaptureLoader.js": 1645672570961,
  "libs/scandit-sdk/build/module/lib/customError.js": 1645672570961,
  "libs/scandit-sdk/build/module/lib/cameraSettings.js": 1645672570961,
  "libs/scandit-sdk/build/module/lib/cameraAccess.js": 1645672570961,
  "libs/scandit-sdk/build/module/lib/camera.js": 1645672570961,
  "libs/scandit-sdk/build/module/lib/browserHelper.js": 1645672570961,
  "libs/scandit-sdk/build/module/lib/browserCompatibility.js": 1645672570961,
  "libs/scandit-sdk/build/module/lib/blurryRecognitionPreloader.js": 1645672570961,
  "libs/scandit-sdk/build/module/lib/barcodeEncodingRange.js": 1645672570961,
  "libs/scandit-sdk/build/module/lib/barcode.js": 1645672570961,
  "libs/scandit-sdk/build/main/webComponent/validator.js": 1645672570957,
  "libs/scandit-sdk/build/main/webComponent/tsHelper.js": 1645672570957,
  "libs/scandit-sdk/build/main/webComponent/schema.js": 1645672570957,
  "libs/scandit-sdk/build/main/webComponent/propertyConverter.js": 1645672570957,
  "libs/scandit-sdk/build/main/webComponent/lazyAttributeConverter.js": 1645672570957,
  "libs/scandit-sdk/build/main/webComponent/index.js": 1645672570957,
  "libs/scandit-sdk/build/main/webComponent/controller.js": 1645672570957,
  "libs/scandit-sdk/build/main/webComponent/barcodePickerView.js": 1645672570957,
  "libs/scandit-sdk/build/main/webComponent/attributeConverter.js": 1645672570957,
  "libs/scandit-sdk/build/main/testHelpers/utility.js": 1645672570961,
  "libs/scandit-sdk/build/main/lib/unsupportedBrowserError.js": 1645672570957,
  "libs/scandit-sdk/build/main/lib/textRecognitionSettings.js": 1645672570957,
  "libs/scandit-sdk/build/main/lib/symbologySettings.js": 1645672570957,
  "libs/scandit-sdk/build/main/lib/singleImageModeSettings.js": 1645672570957,
  "libs/scandit-sdk/build/main/lib/searchArea.js": 1645672570957,
  "libs/scandit-sdk/build/main/lib/scanner.js": 1645672570957,
  "libs/scandit-sdk/build/main/lib/scanSettings.js": 1645672570957,
  "libs/scandit-sdk/build/main/lib/scanResult.js": 1645672570957,
  "libs/scandit-sdk/build/main/lib/recognizedText.js": 1645672570957,
  "libs/scandit-sdk/build/main/lib/quadrilateral.js": 1645672570957,
  "libs/scandit-sdk/build/main/lib/point.js": 1645672570957,
  "libs/scandit-sdk/build/main/lib/parserResult.js": 1645672570957,
  "libs/scandit-sdk/build/main/lib/parserField.js": 1645672570957,
  "libs/scandit-sdk/build/main/lib/parser.js": 1645672570957,
  "libs/scandit-sdk/package.json": 1645672570985,
  "libs/scandit-sdk/build/main/lib/imageSettings.js": 1645672570957,
  "libs/scandit-sdk/build/main/lib/dataCaptureLoader.js": 1645672570957,
  "libs/scandit-sdk/build/main/lib/customError.js": 1645672570957,
  "libs/scandit-sdk/build/main/lib/cameraSettings.js": 1645672570957,
  "libs/scandit-sdk/build/main/lib/cameraAccess.js": 1645672570957,
  "libs/scandit-sdk/build/main/lib/camera.js": 1645672570957,
  "libs/scandit-sdk/build/main/lib/browserHelper.js": 1645672570957,
  "libs/scandit-sdk/build/main/lib/browserCompatibility.js": 1645672570957,
  "libs/scandit-sdk/build/main/lib/blurryRecognitionPreloader.js": 1645672570957,
  "libs/scandit-sdk/build/main/lib/barcodeEncodingRange.js": 1645672570957,
  "libs/scandit-sdk/build/main/lib/barcode.js": 1645672570957,
  "libs/scandit-sdk/build/module/index.js": 1645672570965,
  "libs/scandit-sdk/build/main/index.js": 1645672570961,
  "libs/scandit-sdk/build/browser/index.min.js": 1645672570965,
  "libs/scandit-sdk/build/browser/index.js": 1645672570965,
  "libs/scandit-sdk/build/browser/index.esm.min.js": 1645672570965,
  "libs/scandit-sdk/build/browser/index.esm.js": 1645672570965,
  "libs/scandit-sdk/build/scandit-engine-sdk.min.js": 1645672570973,
  "libs/scandit-sdk/build/scandit-engine-sdk-ocr.min.js": 1645672570969,
  "libs/scandit-sdk/build/scandit-engine-sdk-ocr-simd.min.js": 1645672570969,
  "utils/locate-reuse-libs.js": 1645581305405,
  "model/models.js": 1645581305401,
  "controller/Initial.controller.js": 1645694497103,
  "Component.js": 1645581305397,
  "manifest-bundle.zip": 1645695403522,
  "Component-preload.js": 1645695411411,
  "libs/scandit-sdk/build/module/lib/workers/dataCaptureWorker-dbg.js": 1645672570961,
  "libs/scandit-sdk/build/module/lib/barcodePicker/gui-dbg.js": 1645672570961,
  "libs/scandit-sdk/build/module/lib/barcodePicker/dummyCameraManager-dbg.js": 1645672570961,
  "libs/scandit-sdk/build/module/lib/barcodePicker/cameraManager-dbg.js": 1645672570961,
  "libs/scandit-sdk/build/module/lib/barcodePicker/barcodePicker-dbg.js": 1645672570961,
  "libs/scandit-sdk/build/module/lib/assets/base64assets-dbg.js": 1645672570961,
  "libs/scandit-sdk/build/main/lib/workers/dataCaptureWorker-dbg.js": 1645672570957,
  "libs/scandit-sdk/build/main/lib/barcodePicker/gui-dbg.js": 1645672570957,
  "libs/scandit-sdk/build/main/lib/barcodePicker/dummyCameraManager-dbg.js": 1645672570957,
  "libs/scandit-sdk/build/main/lib/barcodePicker/cameraManager-dbg.js": 1645672570957,
  "libs/scandit-sdk/build/main/lib/barcodePicker/barcodePicker-dbg.js": 1645672570957,
  "libs/scandit-sdk/build/main/lib/assets/base64assets-dbg.js": 1645672570957,
  "libs/scandit-sdk/build/module/webComponent/validator-dbg.js": 1645672570961,
  "libs/scandit-sdk/build/module/webComponent/tsHelper-dbg.js": 1645672570961,
  "libs/scandit-sdk/build/module/webComponent/schema-dbg.js": 1645672570961,
  "libs/scandit-sdk/build/module/webComponent/propertyConverter-dbg.js": 1645672570961,
  "libs/scandit-sdk/build/module/webComponent/lazyAttributeConverter-dbg.js": 1645672570961,
  "libs/scandit-sdk/build/module/webComponent/index-dbg.js": 1645672570961,
  "libs/scandit-sdk/build/module/webComponent/controller-dbg.js": 1645672570961,
  "libs/scandit-sdk/build/module/webComponent/barcodePickerView-dbg.js": 1645672570961,
  "libs/scandit-sdk/build/module/webComponent/attributeConverter-dbg.js": 1645672570961,
  "libs/scandit-sdk/build/module/testHelpers/utility-dbg.js": 1645672570965,
  "libs/scandit-sdk/build/module/lib/unsupportedBrowserError-dbg.js": 1645672570965,
  "libs/scandit-sdk/build/module/lib/textRecognitionSettings-dbg.js": 1645672570965,
  "libs/scandit-sdk/build/module/lib/symbologySettings-dbg.js": 1645672570965,
  "libs/scandit-sdk/build/module/lib/singleImageModeSettings-dbg.js": 1645672570965,
  "libs/scandit-sdk/build/module/lib/searchArea-dbg.js": 1645672570965,
  "libs/scandit-sdk/build/module/lib/scanner-dbg.js": 1645672570965,
  "libs/scandit-sdk/build/module/lib/scanSettings-dbg.js": 1645672570965,
  "libs/scandit-sdk/build/module/lib/scanResult-dbg.js": 1645672570965,
  "libs/scandit-sdk/build/module/lib/recognizedText-dbg.js": 1645672570961,
  "libs/scandit-sdk/build/module/lib/quadrilateral-dbg.js": 1645672570961,
  "libs/scandit-sdk/build/module/lib/point-dbg.js": 1645672570961,
  "libs/scandit-sdk/build/module/lib/parserResult-dbg.js": 1645672570961,
  "libs/scandit-sdk/build/module/lib/parserField-dbg.js": 1645672570961,
  "libs/scandit-sdk/build/module/lib/parser-dbg.js": 1645672570961,
  "libs/scandit-sdk/build/module/lib/logger-dbg.js": 1645672570961,
  "libs/scandit-sdk/build/module/lib/imageSettings-dbg.js": 1645672570961,
  "libs/scandit-sdk/build/module/lib/dataCaptureLoader-dbg.js": 1645672570961,
  "libs/scandit-sdk/build/module/lib/customError-dbg.js": 1645672570961,
  "libs/scandit-sdk/build/module/lib/cameraSettings-dbg.js": 1645672570961,
  "libs/scandit-sdk/build/module/lib/cameraAccess-dbg.js": 1645672570961,
  "libs/scandit-sdk/build/module/lib/camera-dbg.js": 1645672570961,
  "libs/scandit-sdk/build/module/lib/browserHelper-dbg.js": 1645672570961,
  "libs/scandit-sdk/build/module/lib/browserCompatibility-dbg.js": 1645672570961,
  "libs/scandit-sdk/build/module/lib/blurryRecognitionPreloader-dbg.js": 1645672570961,
  "libs/scandit-sdk/build/module/lib/barcodeEncodingRange-dbg.js": 1645672570961,
  "libs/scandit-sdk/build/module/lib/barcode-dbg.js": 1645672570961,
  "libs/scandit-sdk/build/main/webComponent/validator-dbg.js": 1645672570957,
  "libs/scandit-sdk/build/main/webComponent/tsHelper-dbg.js": 1645672570957,
  "libs/scandit-sdk/build/main/webComponent/schema-dbg.js": 1645672570957,
  "libs/scandit-sdk/build/main/webComponent/propertyConverter-dbg.js": 1645672570957,
  "libs/scandit-sdk/build/main/webComponent/lazyAttributeConverter-dbg.js": 1645672570957,
  "libs/scandit-sdk/build/main/webComponent/index-dbg.js": 1645672570957,
  "libs/scandit-sdk/build/main/webComponent/controller-dbg.js": 1645672570957,
  "libs/scandit-sdk/build/main/webComponent/barcodePickerView-dbg.js": 1645672570957,
  "libs/scandit-sdk/build/main/webComponent/attributeConverter-dbg.js": 1645672570957,
  "libs/scandit-sdk/build/main/testHelpers/utility-dbg.js": 1645672570961,
  "libs/scandit-sdk/build/main/lib/unsupportedBrowserError-dbg.js": 1645672570957,
  "libs/scandit-sdk/build/main/lib/textRecognitionSettings-dbg.js": 1645672570957,
  "libs/scandit-sdk/build/main/lib/symbologySettings-dbg.js": 1645672570957,
  "libs/scandit-sdk/build/main/lib/singleImageModeSettings-dbg.js": 1645672570957,
  "libs/scandit-sdk/build/main/lib/searchArea-dbg.js": 1645672570957,
  "libs/scandit-sdk/build/main/lib/scanner-dbg.js": 1645672570957,
  "libs/scandit-sdk/build/main/lib/scanSettings-dbg.js": 1645672570957,
  "libs/scandit-sdk/build/main/lib/scanResult-dbg.js": 1645672570957,
  "libs/scandit-sdk/build/main/lib/recognizedText-dbg.js": 1645672570957,
  "libs/scandit-sdk/build/main/lib/quadrilateral-dbg.js": 1645672570957,
  "libs/scandit-sdk/build/main/lib/point-dbg.js": 1645672570957,
  "libs/scandit-sdk/build/main/lib/parserResult-dbg.js": 1645672570957,
  "libs/scandit-sdk/build/main/lib/parserField-dbg.js": 1645672570957,
  "libs/scandit-sdk/build/main/lib/parser-dbg.js": 1645672570957,
  "libs/scandit-sdk/build/main/lib/logger-dbg.js": 1645672570957,
  "libs/scandit-sdk/build/main/lib/imageSettings-dbg.js": 1645672570957,
  "libs/scandit-sdk/build/main/lib/dataCaptureLoader-dbg.js": 1645672570957,
  "libs/scandit-sdk/build/main/lib/customError-dbg.js": 1645672570957,
  "libs/scandit-sdk/build/main/lib/cameraSettings-dbg.js": 1645672570957,
  "libs/scandit-sdk/build/main/lib/cameraAccess-dbg.js": 1645672570957,
  "libs/scandit-sdk/build/main/lib/camera-dbg.js": 1645672570957,
  "libs/scandit-sdk/build/main/lib/browserHelper-dbg.js": 1645672570957,
  "libs/scandit-sdk/build/main/lib/browserCompatibility-dbg.js": 1645672570957,
  "libs/scandit-sdk/build/main/lib/blurryRecognitionPreloader-dbg.js": 1645672570957,
  "libs/scandit-sdk/build/main/lib/barcodeEncodingRange-dbg.js": 1645672570957,
  "libs/scandit-sdk/build/main/lib/barcode-dbg.js": 1645672570957,
  "libs/scandit-sdk/docs/assets/js/search-dbg.js": 1645672570953,
  "libs/scandit-sdk/docs/assets/js/main-dbg.js": 1645672570953,
  "libs/scandit-sdk/build/module/index-dbg.js": 1645672570965,
  "libs/scandit-sdk/build/main/index-dbg.js": 1645672570961,
  "libs/scandit-sdk/build/browser/index.min-dbg.js": 1645672570965,
  "libs/scandit-sdk/build/browser/index-dbg.js": 1645672570965,
  "libs/scandit-sdk/build/browser/index.esm.min-dbg.js": 1645672570965,
  "libs/scandit-sdk/build/browser/index.esm-dbg.js": 1645672570965,
  "libs/scandit-sdk/build/scandit-engine-sdk.min-dbg.js": 1645672570973,
  "libs/scandit-sdk/build/scandit-engine-sdk-ocr.min-dbg.js": 1645672570969,
  "libs/scandit-sdk/build/scandit-engine-sdk-ocr-simd.min-dbg.js": 1645672570969,
  "utils/locate-reuse-libs-dbg.js": 1645581305405,
  "model/models-dbg.js": 1645581305401,
  "controller/Initial-dbg.controller.js": 1645694497103,
  "Component-dbg.js": 1645581305397,
  "libs/scandit-sdk/build/module/lib/workers/dataCaptureWorker.js.map": 1645672570961,
  "libs/scandit-sdk/build/module/lib/workers/dataCaptureWorker.d.ts": 1645672570961,
  "libs/scandit-sdk/build/module/lib/barcodePicker/gui.js.map": 1645672570961,
  "libs/scandit-sdk/build/module/lib/barcodePicker/gui.d.ts": 1645672570961,
  "libs/scandit-sdk/build/module/lib/barcodePicker/dummyCameraManager.js.map": 1645672570961,
  "libs/scandit-sdk/build/module/lib/barcodePicker/dummyCameraManager.d.ts": 1645672570961,
  "libs/scandit-sdk/build/module/lib/barcodePicker/cameraManager.js.map": 1645672570961,
  "libs/scandit-sdk/build/module/lib/barcodePicker/cameraManager.d.ts": 1645672570961,
  "libs/scandit-sdk/build/module/lib/barcodePicker/barcodePicker.js.map": 1645672570961,
  "libs/scandit-sdk/build/module/lib/barcodePicker/barcodePicker.d.ts": 1645672570961,
  "libs/scandit-sdk/build/module/lib/assets/base64assets.js.map": 1645672570961,
  "libs/scandit-sdk/build/module/lib/assets/base64assets.d.ts": 1645672570961,
  "libs/scandit-sdk/build/main/lib/workers/dataCaptureWorker.js.map": 1645672570957,
  "libs/scandit-sdk/build/main/lib/workers/dataCaptureWorker.d.ts": 1645672570957,
  "libs/scandit-sdk/build/main/lib/barcodePicker/gui.js.map": 1645672570957,
  "libs/scandit-sdk/build/main/lib/barcodePicker/gui.d.ts": 1645672570957,
  "libs/scandit-sdk/build/main/lib/barcodePicker/dummyCameraManager.js.map": 1645672570957,
  "libs/scandit-sdk/build/main/lib/barcodePicker/dummyCameraManager.d.ts": 1645672570957,
  "libs/scandit-sdk/build/main/lib/barcodePicker/cameraManager.js.map": 1645672570957,
  "libs/scandit-sdk/build/main/lib/barcodePicker/cameraManager.d.ts": 1645672570957,
  "libs/scandit-sdk/build/main/lib/barcodePicker/barcodePicker.js.map": 1645672570957,
  "libs/scandit-sdk/build/main/lib/barcodePicker/barcodePicker.d.ts": 1645672570957,
  "libs/scandit-sdk/build/main/lib/assets/base64assets.js.map": 1645672570957,
  "libs/scandit-sdk/build/main/lib/assets/base64assets.d.ts": 1645672570957,
  "libs/scandit-sdk/docs/assets/images/widgets@2x.png": 1645672570953,
  "libs/scandit-sdk/docs/assets/images/widgets.png": 1645672570953,
  "libs/scandit-sdk/docs/assets/images/icons@2x.png": 1645672570953,
  "libs/scandit-sdk/docs/assets/images/icons.png": 1645672570953,
  "libs/scandit-sdk/build/module/webComponent/validator.js.map": 1645672570961,
  "libs/scandit-sdk/build/module/webComponent/validator.d.ts": 1645672570961,
  "libs/scandit-sdk/build/module/webComponent/tsHelper.js.map": 1645672570961,
  "libs/scandit-sdk/build/module/webComponent/tsHelper.d.ts": 1645672570961,
  "libs/scandit-sdk/build/module/webComponent/schema.js.map": 1645672570961,
  "libs/scandit-sdk/build/module/webComponent/schema.d.ts": 1645672570961,
  "libs/scandit-sdk/build/module/webComponent/propertyConverter.js.map": 1645672570961,
  "libs/scandit-sdk/build/module/webComponent/propertyConverter.d.ts": 1645672570961,
  "libs/scandit-sdk/build/module/webComponent/lazyAttributeConverter.js.map": 1645672570961,
  "libs/scandit-sdk/build/module/webComponent/lazyAttributeConverter.d.ts": 1645672570961,
  "libs/scandit-sdk/build/module/webComponent/index.js.map": 1645672570961,
  "libs/scandit-sdk/build/module/webComponent/index.d.ts": 1645672570961,
  "libs/scandit-sdk/build/module/webComponent/controller.js.map": 1645672570961,
  "libs/scandit-sdk/build/module/webComponent/controller.d.ts": 1645672570961,
  "libs/scandit-sdk/build/module/webComponent/barcodePickerView.js.map": 1645672570961,
  "libs/scandit-sdk/build/module/webComponent/barcodePickerView.d.ts": 1645672570961,
  "libs/scandit-sdk/build/module/webComponent/attributeConverter.js.map": 1645672570961,
  "libs/scandit-sdk/build/module/webComponent/attributeConverter.d.ts": 1645672570961,
  "libs/scandit-sdk/docs/assets/css/main.css": 1645672570953,
  "libs/scandit-sdk/build/resources/models/ocr_mrz_default_model.dd180fa7ff1624858380a79896bd0cfea4a1c413": 1645672570957,
  "libs/scandit-sdk/build/resources/models/mrz_localization_model.dee7ce66aa70102c0dbd62b1e84d45fce3acacb0": 1645672570957,
  "libs/scandit-sdk/build/resources/models/mrz_line_localization_model.4fd74d8b47781393003d02df0316abc54117a330": 1645672570953,
  "libs/scandit-sdk/build/resources/models/barcode_localization_oned_default_model.4f87535a2ef591681ef6b35021c7b7dc4598b6e7": 1645672570953,
  "libs/scandit-sdk/build/resources/models/barcode_localization_default_model.50b58a529b3a891f52ea5a44ffe0af63054bc16c": 1645672570953,
  "libs/scandit-sdk/build/module/testHelpers/utility.js.map": 1645672570965,
  "libs/scandit-sdk/build/module/testHelpers/utility.d.ts": 1645672570965,
  "libs/scandit-sdk/build/module/styles/styles.scss": 1645672570965,
  "libs/scandit-sdk/build/module/lib/unsupportedBrowserError.js.map": 1645672570965,
  "libs/scandit-sdk/build/module/lib/unsupportedBrowserError.d.ts": 1645672570965,
  "libs/scandit-sdk/build/module/lib/textRecognitionSettings.js.map": 1645672570965,
  "libs/scandit-sdk/build/module/lib/textRecognitionSettings.d.ts": 1645672570965,
  "libs/scandit-sdk/build/module/lib/symbologySettings.js.map": 1645672570965,
  "libs/scandit-sdk/build/module/lib/symbologySettings.d.ts": 1645672570965,
  "libs/scandit-sdk/build/module/lib/singleImageModeSettings.js.map": 1645672570965,
  "libs/scandit-sdk/build/module/lib/singleImageModeSettings.d.ts": 1645672570965,
  "libs/scandit-sdk/build/module/lib/searchArea.js.map": 1645672570965,
  "libs/scandit-sdk/build/module/lib/searchArea.d.ts": 1645672570965,
  "libs/scandit-sdk/build/module/lib/scanner.js.map": 1645672570965,
  "libs/scandit-sdk/build/module/lib/scanner.d.ts": 1645672570965,
  "libs/scandit-sdk/build/module/lib/scanSettings.js.map": 1645672570965,
  "libs/scandit-sdk/build/module/lib/scanSettings.d.ts": 1645672570965,
  "libs/scandit-sdk/build/module/lib/scanResult.js.map": 1645672570965,
  "libs/scandit-sdk/build/module/lib/scanResult.d.ts": 1645672570965,
  "libs/scandit-sdk/build/module/lib/recognizedText.js.map": 1645672570965,
  "libs/scandit-sdk/build/module/lib/recognizedText.d.ts": 1645672570965,
  "libs/scandit-sdk/build/module/lib/quadrilateral.js.map": 1645672570965,
  "libs/scandit-sdk/build/module/lib/quadrilateral.d.ts": 1645672570965,
  "libs/scandit-sdk/build/module/lib/point.js.map": 1645672570965,
  "libs/scandit-sdk/build/module/lib/point.d.ts": 1645672570965,
  "libs/scandit-sdk/build/module/lib/parserResult.js.map": 1645672570965,
  "libs/scandit-sdk/build/module/lib/parserResult.d.ts": 1645672570965,
  "libs/scandit-sdk/build/module/lib/parserField.js.map": 1645672570965,
  "libs/scandit-sdk/build/module/lib/parserField.d.ts": 1645672570965,
  "libs/scandit-sdk/build/module/lib/parser.js.map": 1645672570965,
  "libs/scandit-sdk/build/module/lib/parser.d.ts": 1645672570965,
  "libs/scandit-sdk/build/module/lib/logger.js.map": 1645672570965,
  "libs/scandit-sdk/build/module/lib/logger.d.ts": 1645672570965,
  "libs/scandit-sdk/build/module/lib/imageSettings.js.map": 1645672570965,
  "libs/scandit-sdk/build/module/lib/imageSettings.d.ts": 1645672570965,
  "libs/scandit-sdk/build/module/lib/dataCaptureLoader.js.map": 1645672570965,
  "libs/scandit-sdk/build/module/lib/dataCaptureLoader.d.ts": 1645672570965,
  "libs/scandit-sdk/build/module/lib/customError.js.map": 1645672570965,
  "libs/scandit-sdk/build/module/lib/customError.d.ts": 1645672570965,
  "libs/scandit-sdk/build/module/lib/cameraSettings.js.map": 1645672570965,
  "libs/scandit-sdk/build/module/lib/cameraSettings.d.ts": 1645672570965,
  "libs/scandit-sdk/build/module/lib/cameraAccess.js.map": 1645672570965,
  "libs/scandit-sdk/build/module/lib/cameraAccess.d.ts": 1645672570965,
  "libs/scandit-sdk/build/module/lib/camera.js.map": 1645672570965,
  "libs/scandit-sdk/build/module/lib/camera.d.ts": 1645672570965,
  "libs/scandit-sdk/build/module/lib/browserHelper.js.map": 1645672570965,
  "libs/scandit-sdk/build/module/lib/browserHelper.d.ts": 1645672570965,
  "libs/scandit-sdk/build/module/lib/browserCompatibility.js.map": 1645672570965,
  "libs/scandit-sdk/build/module/lib/browserCompatibility.d.ts": 1645672570965,
  "libs/scandit-sdk/build/module/lib/blurryRecognitionPreloader.js.map": 1645672570965,
  "libs/scandit-sdk/build/module/lib/blurryRecognitionPreloader.d.ts": 1645672570965,
  "libs/scandit-sdk/build/module/lib/barcodeEncodingRange.js.map": 1645672570965,
  "libs/scandit-sdk/build/module/lib/barcodeEncodingRange.d.ts": 1645672570965,
  "libs/scandit-sdk/build/module/lib/barcode.js.map": 1645672570965,
  "libs/scandit-sdk/build/module/lib/barcode.d.ts": 1645672570965,
  "libs/scandit-sdk/build/main/webComponent/validator.js.map": 1645672570957,
  "libs/scandit-sdk/build/main/webComponent/validator.d.ts": 1645672570957,
  "libs/scandit-sdk/build/main/webComponent/tsHelper.js.map": 1645672570957,
  "libs/scandit-sdk/build/main/webComponent/tsHelper.d.ts": 1645672570957,
  "libs/scandit-sdk/build/main/webComponent/schema.js.map": 1645672570957,
  "libs/scandit-sdk/build/main/webComponent/schema.d.ts": 1645672570957,
  "libs/scandit-sdk/build/main/webComponent/propertyConverter.js.map": 1645672570957,
  "libs/scandit-sdk/build/main/webComponent/propertyConverter.d.ts": 1645672570957,
  "libs/scandit-sdk/build/main/webComponent/lazyAttributeConverter.js.map": 1645672570957,
  "libs/scandit-sdk/build/main/webComponent/lazyAttributeConverter.d.ts": 1645672570957,
  "libs/scandit-sdk/build/main/webComponent/index.js.map": 1645672570957,
  "libs/scandit-sdk/build/main/webComponent/index.d.ts": 1645672570957,
  "libs/scandit-sdk/build/main/webComponent/controller.js.map": 1645672570957,
  "libs/scandit-sdk/build/main/webComponent/controller.d.ts": 1645672570957,
  "libs/scandit-sdk/build/main/webComponent/barcodePickerView.js.map": 1645672570957,
  "libs/scandit-sdk/build/main/webComponent/barcodePickerView.d.ts": 1645672570957,
  "libs/scandit-sdk/build/main/webComponent/attributeConverter.js.map": 1645672570957,
  "libs/scandit-sdk/build/main/webComponent/attributeConverter.d.ts": 1645672570957,
  "libs/scandit-sdk/build/main/testHelpers/utility.js.map": 1645672570961,
  "libs/scandit-sdk/build/main/testHelpers/utility.d.ts": 1645672570961,
  "libs/scandit-sdk/build/main/styles/styles.scss": 1645672570961,
  "libs/scandit-sdk/build/main/lib/unsupportedBrowserError.js.map": 1645672570961,
  "libs/scandit-sdk/build/main/lib/unsupportedBrowserError.d.ts": 1645672570961,
  "libs/scandit-sdk/build/main/lib/textRecognitionSettings.js.map": 1645672570961,
  "libs/scandit-sdk/build/main/lib/textRecognitionSettings.d.ts": 1645672570961,
  "libs/scandit-sdk/build/main/lib/symbologySettings.js.map": 1645672570961,
  "libs/scandit-sdk/build/main/lib/symbologySettings.d.ts": 1645672570961,
  "libs/scandit-sdk/build/main/lib/singleImageModeSettings.js.map": 1645672570961,
  "libs/scandit-sdk/build/main/lib/singleImageModeSettings.d.ts": 1645672570961,
  "libs/scandit-sdk/build/main/lib/searchArea.js.map": 1645672570961,
  "libs/scandit-sdk/build/main/lib/searchArea.d.ts": 1645672570961,
  "libs/scandit-sdk/build/main/lib/scanner.js.map": 1645672570961,
  "libs/scandit-sdk/build/main/lib/scanner.d.ts": 1645672570961,
  "libs/scandit-sdk/build/main/lib/scanSettings.js.map": 1645672570961,
  "libs/scandit-sdk/build/main/lib/scanSettings.d.ts": 1645672570961,
  "libs/scandit-sdk/build/main/lib/scanResult.js.map": 1645672570961,
  "libs/scandit-sdk/build/main/lib/scanResult.d.ts": 1645672570961,
  "libs/scandit-sdk/build/main/lib/recognizedText.js.map": 1645672570961,
  "libs/scandit-sdk/build/main/lib/recognizedText.d.ts": 1645672570961,
  "libs/scandit-sdk/build/main/lib/quadrilateral.js.map": 1645672570961,
  "libs/scandit-sdk/build/main/lib/quadrilateral.d.ts": 1645672570961,
  "libs/scandit-sdk/build/main/lib/point.js.map": 1645672570961,
  "libs/scandit-sdk/build/main/lib/point.d.ts": 1645672570961,
  "libs/scandit-sdk/build/main/lib/parserResult.js.map": 1645672570961,
  "libs/scandit-sdk/build/main/lib/parserResult.d.ts": 1645672570961,
  "libs/scandit-sdk/build/main/lib/parserField.js.map": 1645672570961,
  "libs/scandit-sdk/build/main/lib/parserField.d.ts": 1645672570961,
  "libs/scandit-sdk/build/main/lib/parser.js.map": 1645672570957,
  "libs/scandit-sdk/build/main/lib/parser.d.ts": 1645672570961,
  "libs/scandit-sdk/build/main/lib/logger.js.map": 1645672570957,
  "libs/scandit-sdk/build/main/lib/logger.d.ts": 1645672570961,
  "libs/scandit-sdk/build/main/lib/imageSettings.js.map": 1645672570957,
  "libs/scandit-sdk/build/main/lib/imageSettings.d.ts": 1645672570961,
  "libs/scandit-sdk/build/main/lib/dataCaptureLoader.js.map": 1645672570957,
  "libs/scandit-sdk/build/main/lib/dataCaptureLoader.d.ts": 1645672570961,
  "libs/scandit-sdk/build/main/lib/customError.js.map": 1645672570957,
  "libs/scandit-sdk/build/main/lib/customError.d.ts": 1645672570961,
  "libs/scandit-sdk/build/main/lib/cameraSettings.js.map": 1645672570957,
  "libs/scandit-sdk/build/main/lib/cameraSettings.d.ts": 1645672570961,
  "libs/scandit-sdk/build/main/lib/cameraAccess.js.map": 1645672570957,
  "libs/scandit-sdk/build/main/lib/cameraAccess.d.ts": 1645672570961,
  "i18n/i18n.properties": 1645581345901,
  "libs/scandit-sdk/build/main/lib/camera.d.ts": 1645672570961,
  "libs/scandit-sdk/build/main/lib/browserHelper.js.map": 1645672570957,
  "libs/scandit-sdk/build/main/lib/browserHelper.d.ts": 1645672570961,
  "libs/scandit-sdk/build/main/lib/browserCompatibility.js.map": 1645672570957,
  "libs/scandit-sdk/build/main/lib/browserCompatibility.d.ts": 1645672570961,
  "libs/scandit-sdk/build/main/lib/blurryRecognitionPreloader.js.map": 1645672570957,
  "libs/scandit-sdk/build/main/lib/blurryRecognitionPreloader.d.ts": 1645672570961,
  "libs/scandit-sdk/build/main/lib/barcodeEncodingRange.js.map": 1645672570957,
  "libs/scandit-sdk/build/main/lib/barcodeEncodingRange.d.ts": 1645672570961,
  "libs/scandit-sdk/build/main/lib/barcode.js.map": 1645672570957,
  "libs/scandit-sdk/build/main/lib/barcode.d.ts": 1645672570961,
  "libs/scandit-sdk/docs/modules/SymbologySettings.html": 1645672570953,
  "libs/scandit-sdk/docs/modules/SingleImageModeSettings.html": 1645672570953,
  "libs/scandit-sdk/docs/modules/ScanSettings.html": 1645672570953,
  "libs/scandit-sdk/docs/modules/RecognizedText.html": 1645672570953,
  "libs/scandit-sdk/docs/modules/Parser.html": 1645672570953,
  "libs/scandit-sdk/docs/modules/Logger.html": 1645672570953,
  "libs/scandit-sdk/docs/modules/ImageSettings.html": 1645672570953,
  "libs/scandit-sdk/docs/modules/CameraSettings.html": 1645672570953,
  "libs/scandit-sdk/docs/modules/CameraAccess.html": 1645672570953,
  "libs/scandit-sdk/docs/modules/Camera.html": 1645672570953,
  "libs/scandit-sdk/docs/modules/BrowserHelper.html": 1645672570953,
  "libs/scandit-sdk/docs/modules/BrowserCompatibility.html": 1645672570953,
  "libs/scandit-sdk/docs/modules/BarcodePicker.html": 1645672570953,
  "libs/scandit-sdk/docs/modules/Barcode.html": 1645672570953,
  "libs/scandit-sdk/docs/modules/Barcode.Symbology.html": 1645672570953,
  "libs/scandit-sdk/docs/interfaces/SingleImageModeSettings.html": 1645672570953,
  "libs/scandit-sdk/docs/interfaces/SingleImageModePlatformSettings.html": 1645672570953,
  "libs/scandit-sdk/docs/interfaces/SearchArea.html": 1645672570953,
  "libs/scandit-sdk/docs/interfaces/RecognizedText.html": 1645672570953,
  "libs/scandit-sdk/docs/interfaces/Quadrilateral.html": 1645672570953,
  "libs/scandit-sdk/docs/interfaces/Point.html": 1645672570953,
  "libs/scandit-sdk/docs/interfaces/ParserResult.html": 1645672570953,
  "libs/scandit-sdk/docs/interfaces/ParserField.html": 1645672570953,
  "libs/scandit-sdk/docs/interfaces/ImageSettings.html": 1645672570953,
  "libs/scandit-sdk/docs/interfaces/CameraSettings.html": 1645672570953,
  "libs/scandit-sdk/docs/interfaces/Camera.html": 1645672570953,
  "libs/scandit-sdk/docs/interfaces/BrowserCompatibility.html": 1645672570953,
  "libs/scandit-sdk/docs/interfaces/BarcodeEncodingRange.html": 1645672570953,
  "libs/scandit-sdk/docs/interfaces/Barcode.html": 1645672570953,
  "libs/scandit-sdk/docs/enums/SymbologySettings.Extension.html": 1645672570953,
  "libs/scandit-sdk/docs/enums/SymbologySettings.Checksum.html": 1645672570953,
  "libs/scandit-sdk/docs/enums/SingleImageModeSettings.UsageStrategy.html": 1645672570953,
  "libs/scandit-sdk/docs/enums/ScanSettings.RecognitionMode.html": 1645672570953,
  "libs/scandit-sdk/docs/enums/ScanSettings.CodeDirection.html": 1645672570953,
  "libs/scandit-sdk/docs/enums/Parser.DataFormat.html": 1645672570953,
  "libs/scandit-sdk/docs/enums/Logger.Level.html": 1645672570953,
  "libs/scandit-sdk/docs/enums/ImageSettings.Format.html": 1645672570953,
  "libs/scandit-sdk/docs/enums/CameraSettings.ResolutionPreference.html": 1645672570953,
  "libs/scandit-sdk/docs/enums/Camera.Type.html": 1645672570953,
  "libs/scandit-sdk/docs/enums/BrowserCompatibility.Feature.html": 1645672570953,
  "libs/scandit-sdk/docs/enums/BarcodePicker.ObjectFit.html": 1645672570953,
  "libs/scandit-sdk/docs/enums/BarcodePicker.GuiStyle.html": 1645672570953,
  "libs/scandit-sdk/docs/enums/Barcode.Symbology-1.html": 1645672570953,
  "libs/scandit-sdk/docs/enums/Barcode.CompositeFlag.html": 1645672570953,
  "libs/scandit-sdk/docs/classes/TextRecognitionSettings.html": 1645672570953,
  "libs/scandit-sdk/docs/classes/SymbologySettings.html": 1645672570953,
  "libs/scandit-sdk/docs/classes/Scanner.html": 1645672570953,
  "libs/scandit-sdk/docs/classes/ScanSettings.html": 1645672570953,
  "libs/scandit-sdk/docs/classes/ScanResult.html": 1645672570953,
  "libs/scandit-sdk/docs/classes/Parser.html": 1645672570953,
  "libs/scandit-sdk/docs/classes/BarcodePicker.html": 1645672570953,
  "libs/scandit-sdk/build/module/index.js.map": 1645672570965,
  "libs/scandit-sdk/build/module/index.d.ts": 1645672570965,
  "libs/scandit-sdk/build/main/index.js.map": 1645672570961,
  "libs/scandit-sdk/build/main/index.d.ts": 1645672570961,
  "libs/scandit-sdk/build/browser/index.min.js.map": 1645672570969,
  "libs/scandit-sdk/build/browser/index.js.map": 1645672570969,
  "libs/scandit-sdk/build/browser/index.esm.min.js.map": 1645672570969,
  "libs/scandit-sdk/build/browser/index.esm.js.map": 1645672570969,
  "libs/scandit-sdk/docs/modules.html": 1645672570953,
  "libs/scandit-sdk/docs/index.html": 1645672570953,
  "libs/scandit-sdk/docs/LICENSE": 1645672570953,
  "libs/scandit-sdk/docs/CHANGELOG.md": 1645672570953,
  "libs/scandit-sdk/build/scandit-engine-sdk.wasm": 1645672570985,
  "libs/scandit-sdk/build/scandit-engine-sdk-ocr.wasm": 1645672570981,
  "libs/scandit-sdk/build/scandit-engine-sdk-ocr-simd.wasm": 1645672570973,
  "libs/scandit-sdk/example_web_component.html": 1645672570985,
  "libs/scandit-sdk/example_ocr.html": 1645672570985,
  "libs/scandit-sdk/example_background.html": 1645672570985,
  "libs/scandit-sdk/example.html": 1645672570985,
  "libs/scandit-sdk/README.md": 1645672570985,
  "libs/scandit-sdk/LICENSE": 1645672570953,
  "libs/scandit-sdk/CHANGELOG.md": 1645672570985,
  "view/Initial.view.xml": 1645692391764,
  "css/style.css": 1645581305405,
  "index.html": 1645581305397
}